zScore;sequence
3.196;QYKECMFNIFLTFPTRNRKTYMQECKVWCAHIHGSYTIFNCSKHHNHASESIAATYTRHKNEGS
3.741;PKTIIRPSPASCWFWREENGVAWRGMMGLVKCRFIKGGQWPIIRDDNNMDLRATKSGHTIMCLE
3.044;HSAKCEIPFGMEQWSPYEMIQMWVFRMGSKWVTVLDKMWICPMEVSFDSINGGTMCYETSIILQ
3.189;VCDCTLWFNRLEEGVFRWRHEYGTHFSIYPMYNGKYIYTPQHTHHYNVDKKRYKSHARMFWYQL
3.311;RIRHTITRRDWYHVVPSVDVTSFNIQGINMIYWSVHHGLLDRIIMTEQFYGLPVWDVYARVDQI
3.061;KKFPPIQDSFKVIYDMDDTALTPCYTGAHIQMECDNDLSAFHISYMGVTILTNSSTFKHTPSLA
4.024;MHRIEAAQRVTHFWYTACFSCTYWGTYQYMHCMAIQRGDLCCSTFSGDKHNPEELITLKEHPYM
3.036;KLIWTTPCGQWAEFTGYTDWAEPWYNRNHIYLGWNPEGTHLTHTKCVECMQIKSMTSINRWAID
3.496;GAWCPPYLVMFEDLFEIEVIVMQGQMMIAPVVKLVSGCKSGLVFNQDGHRYFFNNCEYCDPLLC
3.115;MEPCTPANDFCFKIRWYYWRVYQMGSTHDYISQMQSNDPVMCMKCHSGFGDKLSFLTWFPIKCY
4.138;CLFCILEDTTYALVFFWTDLRLTIGDSCCFSTKEGHFIWYMHEVSEEYPDPYRMMDKYRHLIPP
3.945;KTPMFEIFYMKECTMDETSKIRCWVYEGHNHLLWRIEEGWEFIFEYPGSKRTIMRIEHVEMYWS
3.593;EVASIGICKGRQGMIYNNELCQVISNGKMNIWIKPSWGEEPYHITAMCPCDHCVRYARPTPYWH
3.651;AQNKWQTNKWVKMPMGGLYAMDASGKGHGTMPYCYKFMLMIVMNYSGINSEHIRQRYITPWDPI
4.139;GYLVTKLPGHVCQIQCHYFCAVGWTGDHDIRCHHFFGSMVPKHLAANLVSNECHHTTEFTGPLF
3.031;LSNPWLTIGTTCFELDPHAHYHIINMPNDLHMVEYVTSGKVAIYIHTYISYINMDHKPESHCCN
3.118;VGISRDQNICHMRGPSHPNCTPADVKSMQLAHRHFKGRLPLAMPPHQLPTEWLFKKVHDDTRWH
3.087;CLWYHRWQEYEIWTQCEYDLPENMGKKLTMYSYVFRYGYCWRTSCNDNCWQAEQVNWFFIKIHY
3.209;NPWPAINHEQDIRALTKKGIDHARPIQLYWCVAYQINGSVFCKAYKWDMHNSYVFKTNYFPSEF
3.044;GFGLYAQEHNAVSIIDTRIWPAYWGKICMWFFLNWCGCEMAQWMQWQGIQRNMLVLKPRQVDCY
3.029;EMVGLDGCVCGTDNNRYLGETPLGRAMPHCYWIPGRLVGWLCIRTSGCVQANDGHSHDASWEAQ
3.083;CNEMCKEFLNEDGHNRVSPPDGMYFVTRKCCKWQFYIDGVIFSRYGSWSDMFGPHSAEKRMNLM
3.507;DSFRNDNVGQPSNNPQGTQIWFNDNWIIPFVGRNNHEYCVQHPVKEFHVWHECKAAWPYLEVWV
3.422;VFHYWVFAGDQGYCLFAWNKGDRVRVIALYVEGIVFLRGMIMRDDNISESVLCFMIWNYKAFNQ
3.653;FSANRRHPCGAGVTPCPTRPTMLIYGEMPVMINILVGTKICMSVAHFCQPAQSSEPDGWEFHVE
3.879;EAWIVTSEKSSWKQPKAMGPELMHHEQHLIYCKSKNGQEVYCECDGPYGPPHQITHQCVQTRHW
3.207;RKDVAWMNIENHYFHWVPGCWQIMKYGTMDFAYCFGWGRACQPWCILHVRPEWRLEIAAYCWGP
3.678;FLQAPNLKRIYHNPYQKCCCMAGTAKSRWICTQGMFQWAYVCVHHKTIRPWRFMERKRTGCSEG
3.097;RALMRNSHHDYLAISYPFDVNRMWCEGTLPPTFPNRSSMMGCVFPWVSGGGIVPSCEQMWINRQ
4.061;AYMFFWKCMPPRTVSPRSVVQVLLPGSLYTSIVERKINYKHVKQWPDYCDPKESQCLMHNSLIP
3.329;PCHYVDDENEVWACNQHTLWHVMWRGHPCVWVVRLHKIEFMVHTDPISFCGDWPGTRKNMRRPT
4.612;VVMWPVEFGATPFSSRDGIMCTILTNQFVVYDPKMEAQGMICFWQHSTHQDEKADFMCDCLCFG
3.309;FDHRTEVVLGMVHWFHPDGCTYTNKIVSLEFSGVHKHMLIESPEGKFSPQRCCPYCFLVLGMYY
3.108;IEYSNMPRGANWKPQINYDACKEIPHKDEFPKEVSTACIAGTQIVKWGPPESMAMHIYRQDMEP
3.368;CQFRTSFGNITYYCTSDFSMQMFIEMFNKHGSIDPRAMDGETVVMIAMPDYIGEHNFCQDHNWM
3.4;WRPQMLMGYPNLMDYDTLRNCVILQDSTIRMWVRMSGKGSFNKISHGVNQHDGRVFKEQYMPVQ
3.194;DFHRYKYKDQCPKEADAGGKDFSNWIGCYTGIHKKPSDGRMMVVPKTWNMTAPNEMFRGIDRRF
3.54;IVHPRMCRKGWHVSVRDNACALHLKPCSQAMMIKLMQKGGTPIDSTSPCQYPNHEEMSPFGCLS
3.257;KKFIMEDQNAKILVIEDDNGGPRNPNNYFWEVLRLNCFDGMRCRPMFCCNHRSDQIAEMIYAKP
3.36;WLTDQNMMSGCMTTCDLMGQVLHLHSEGNKTDYCCNGVLMTPTFLDAEHFNTSPPQHIKYPSMN
3.0;PSEHVGYGDDTPMCMQFSKQGFKGRFYANMGPTWGNNGNTSVAIADSAGFDCHNNWANAVCKHS
3.213;EEKKKAVEVQYFPDRTYLRIAIGEFAKTICVSEGIKLMLRGLKPTGCPIATNYHDDWLTYKASR
3.014;GCANGKISIIKGTMAPPDQWLESNNGRVYVITIDGIVCWALWMIWWYTESQFRRYCLAAWNHVL
3.069;MRWFCETGSWNAEGTARSQRYCVQGNGCQWLCHKKCGEIPQILLTLYANEVPQTLWMSESTLIH
3.057;VRASVTQLGIDITNSEGLYYLDNGNLYYIKMDHGCIRRITFTLLISYDRFECNFKKIQFTHYFP
3.097;NITQSSARIGEHDRKRKDSERQDGDQMVHKQLNDGEKTDCTMCGFDTMDDSEITGMMEGVWMEW
3.114;NIIRLTFFQNHYGVSKEKGLSFFMHGHLHRFWMMSSEMQIRESPDLHWLPEWTHTFNRLTPINQ
3.205;ADSLPMIGANCQTQLWDWQDYEHEAPCGMIPWYLVPGGSLVTGPLLLTNLQVWKYSEYFTWRHA
3.548;RRMKVHHHNAHIAMDTEHSGDIQWLCEEGYDEPVQTYINGQKQVHVLAIDAEPFKPTIHYETTV
3.317;LILMYDNDQFWLWDSTGAARMPQSKGSIIPNKLHQNQWPRFRLEYSTKPEKHYNGAIYCWADMI
