oriSeq;zScore;sequence
473;6.54;CVHCYMAIGAANYIGGGRCNHIVLSNMIVMVCYHWDGKPVVIYCMPEEDRPPDYEYSMSDYEIM
473;6.469;CVHFYVSDGAAYNIGGGMCRHITLSNMIPCYCYHWDGKPVVIYFRREENWPPDYLYSRSDDAIM
390;6.446;AGNQVIYSGLYREMDCQNLPVVWPWGCHPFKMVAQGMQQWFYICHKQPSPTEHHAFIHLQHVPL
473;6.026;CVWFYMADGAAYNIGGGVCKHIELSGMYVCMCYHWDGKPVHIYCMREERWPPDPYYSMSYDAIM
425;6.005;VVMFAEEDYAAANIGCGNCKHITLSGMHVCWCCCWDGKPVVIFCSRNEDWPPDNCTSNSDDAIM
156;6.003;PITQFGHLGIVPVINPAYYQIPFCTGRFNVVLMIFQGRCKNHVHPRCKDEIEFMSSYVHCEDPE
116;5.954;PELHFGTLGDVDPIPPSAYTMPFLSGQINFECLVFQGRRRKYIHPKGKDEIDFMQDDECMEDRN
468;5.852;VQHFADIVYAAANIHCPRCKHILLSSGHVMWCCCVDGKPVVIFCMRNEEWPPDVCQLMSWDAIM
479;5.839;VVPFAWADYITHTIGFERCKHITLSGMHVSWSCCWGGKPVVIFFMQNEGCWPDDCQSMIHDSIM
113;5.791;PSYQFKTNGHVVRIPKAAYTMPACSNVFNYECMKFNGKRRYHVTPPDHDEIEHMSSYVDAEYTQ
381;5.755;HGKDVIYKGVYPEMCQQNLERYAPYGCHPVCVVHQGCPQCDYCCSKAEMTTGQNPFERLSTNPF
441;5.738;VVHFAWPDYCYLNIGWRRCKFITNSGMDMCVCCIWDGKNVFIFLSREEDWCPDVNQSMSDDAKQ
156;5.726;MITQFKDLGIVPVWNPAAYTMPACPNVFTCVCMIKQGICRLHVHPRDKDEIEFMSSYVDLEKMS
156;5.689;PITQFGDLGIVPVINPAAITMPACGNVFNCVCMRGDGRCRLHVHPRDKDEYEFMWRYLDCEDTE
448;5.657;WVKFAWADGGHAWIDPPRIKHITLKWMHVFWCCVLHGKPVVIFCGDNEIKRPDVCVSRSDDAIM
448;5.656;LVHFNWAVYGAAWIDCPRHKHITLGPMHVRFCCCWDGKPVVIFVMRNEDLPPDVQQSYSDDAIH
417;5.645;DVMFAWADYADANIIPRRQKSFTLSPNKVTWCCCNDGKPCVIFCMDNEMWPPNQCQSMSRYAIM
156;5.632;PITNFVWLGIVPVINPAAYTMPICTRVFNCVCMIMQGRCRLHVHPRDKPEEEFKSSYVDFEDTE
169;5.618;PFWQFGTLGLVDGIPPAGYTMPACNGVFYCECMKFQGKRRLHVHPRDEWYIEFRSKTVDGEDTT
86;5.594;HNGVILCAGRIFLISKWNFVRLLGPEQQRLFFTEVCGKLVFWHDNVDFGCPEGRFMCIFYVAQQ
448;5.586;VVHFAWADNGKCIIDCLRIKRITKPYPHVRWCCCWRGKPVVIFCMRNEDFPPDTCQTQSDDAIM
364;5.581;AGDDVIYSGVYPEMNQQNLERIAPLGCHPVKFVAENGPVPDFCGSQAFSPTKQFAYWPLIDNPM
494;5.566;CWHFYWAGYAIQNIGCNRCKHITLSRKHVCWSCCFDGHPVVVYCMDWEDWPPNVCQSTQDDIVM
448;5.535;LNHTAWADVGAAWIDCPRIMHWTLWGMTVRWCCCWDGKPVVIFCMRNDDTPPLVDQSMSDDYIM
448;5.517;VVHFAWARYGVAWIDCPRIRLITLMPMHVRWCCCWDGKPVWIFCMPNEDHDPDVCQSMIDDTIM
108;5.512;PITQIRTDGRIPYIPIAANDMMCCMNSFRCECMKFQGRPKVHVYPYDIDEKEFMSTYYDAQDDT
124;5.509;PITMFGILGDFDVIPPASYTMPHCNNDFNCICMKFQGRRRLKVLPRDTPESCFMSSYVDVEDTK
448;5.504;NVHFDWADYGAAWIDCIRIKMIVWSKDHVRWCCCWDGKPFVIFCMRNEDNPPDVCQSMKDDAIM
116;5.497;KEQHKGTRGVVFGIPPECYKMPHLSNRFNCERWKFQGRRRLCIHVKGNLSIDFMQDYVFMEHQN
113;5.496;CSYQFGTLGHVVGIPKAAYQMPACQNVFNYLCMKFNGRRRLIVHPLDKDPIEFMLSYVDTEDTW
156;5.486;PITQFGDLGIVPVINPAAYTNPACTNVFNCVCMIFGWRCRLHVHPRDMDEQEFMSSDVDFEDTS
166;5.471;RITWRGHRGHVDGIPWADRTWPGCNNVFNSWCMVFEGKPLTHVHPPDTQTIEFQSSVVDAEDTT
116;5.45;PELHLGMKGDVDPITPNAYTRPFLSNRHVCECQKLQGRRRLYIHPKRKYEIDFMQSYVDMEDQV
472;5.431;NVHFANACYAAGNIGETRCKNTTLSNDYVPWCCCHDGKPVVIFCIENEGWTPDVSLSMEDQAIM
423;5.401;LVEFQWADFGKANIYPGRCWHITLMMGHRCWNCCWDGKPVFFFCMRNGRDPPDVCFGMTDDAIM
106;5.399;IPTEFVTLGYVWSIPYDGNHMPMCTGVFNHECMKPQGYCILHVKPQDKLEIEFMHSQTDKEDTT
465;5.399;VVDFAWPDYAAVNIVCPRGKHLTRSPDHMCWCCCWDGKPVVIFCMRNIWWPSHWWEMQLNDAIM
251;5.39;WKDLVMGRRDQVFPIMPEYDIGSKTFDGQNYFYPVEPNGQPMTTFTEMCNEHQHIQFYWMITLM
473;5.388;CVHFYMADVAAYNFIGKRCKHWTLSGTIVCWCYHWDGKPWVIWDMRESHWPPDYYYSMSRDAIM
457;5.386;NVHFDWADGIMARIGPKRCKVITLMTMHVCWCCVWMGKWHVMFSWNNEDVPPDVSQSISCDDIM
455;5.367;VTHFAVARYGLADIGCGRCKHITLSRMHVVWCCCSNGTPVVIFCMRDEDWPPDVLRSMHDDAIG
223;5.357;RVNRVMGHRDQVFYWLPEVRIDCYMFVGTNPFYPVCTSGQSQTYFYDLRKVSDHTCFEWMGVNM
472;5.355;NKIFANAQYAAGNICETRCKWITLSDMYVYYCCCLDGKPVVIFWERNEDWTPDVRLDMEDDAIM
156;5.352;PITQFVMTGIVPVINPAFVTMPACTNIFNIVCMIEQGRCNCHYHPRDKDNDEFFSSPVDFEDTK
156;5.341;PITQFKFTGIVPVINPAAYYMPACYNVFNCVCMIFQGRVHLYVHGRDKDFEEFMSSYVDFEWTE
91;5.327;WNGVIMPAGRIFIISKWNFVFYSYCQQQRYFSTWKKGKLQNWPTQVDLWCPEERKNCKDWNAQI
402;5.325;VVHFAWADYLAEDMGCGQCKHITLIGMHVCWCCCSDGKPCVIFCMRNEDWPPKVCQKHSDMMIM
141;5.323;PITQFWPDGLVSGYSPTNYTMQAFNNHFNWERVFFQGQRTLSVHDFDKDKIDFMWSYLDAEYTC
448;5.318;VYHFAWATYGAAWIDCPEIKFITLSCMHVRWCCCWDGKPVVWDTMRKEDCPPDVCQSMSDDAIM
472;5.314;NVEFANACYAAVNIDETRQKSISLSNMYVCPCCCLDGKTVEIFFIKNEDWTPDVQLSMNDDGIM
483;5.313;VMHFAWNWYDNSVIVCLEEKHICLSFMFVCWTCCLDGKPVVIFCMSNELTYPDECQWWLDHAIM
192;5.312;PITQFIKLGTVDGVTPAACTMPVCNNSFWHGCQTFHGVRRLIVRPRDYDEIEFQSCYQMATMTK
465;5.311;VGSFAWWDGAYANIGCKRCKHITLSMHHVDWCCCWDGKIVVIFCMRNEDWPPHVCQSELNDAIM
402;5.285;VVYFAWADGAAENIGCGQCKHITFGTMHVYWCCCSDGKPCVIFCNRNEDWPPKVCQGHNDDMIM
462;5.282;VGPTAWADYAAAPYGCGYCEHITRSDMHVYICLSRDGVPVFIFCDPECQWPPDVCQSMSDDAIM
69;5.276;HHGVIMCDGRIRHESKWNFVRLSGEEMLRKFSMEVHGKLVQPQMHEDSVCYEGWFFCIDYVAHQ
192;5.276;PTEQVITWGTVTGIPPAAYTMPACNNHNNHYCFRFQGRRRLHVLCRDYQEIERMSCYQQAEDTK
192;5.274;DITQFITLGTNIFIPPAAYTIPACNNHFNHECVTFQGRRRLPVLPRHYDEIEFMSIYQQAEDTK
425;5.265;VSPFACADYAAAFWDWKRVKFITLIMMHVCWYCCWDGKCVVIFCSRNEDWPPDVCTSLDDDAIM
455;5.263;VLHFAWAMYGYARICCGLCDKITLSMMHVVFCCMSDGNPVVIFCMHDESWPPDVCQSMHDDAIM
5;5.259;CFWVIMCAGRIKLISKWNTVRLKGCGQQREPVHHICGKLVFWDMQEDDQCYEGRRNCIKYVASQ
192;5.251;PITPFITLGLVDGNPPAAYTCPFCNNHFNHNCFTYQGRRRYHVLPRDYWSIERMKCYQQAEDCK
425;5.248;VVFFAWADYAAANIGCQRCKHNPFSGMHYTWCCCWDGKPLVIFCDRLEDWPPDVCTSNLCDAIM
457;5.247;QVHFDCADWIKLRIGCKSRKRITLSNMHVCWCCCWDGKWQVVFWMNNEYTPPDLCVSKSDMWIM
442;5.239;QVHHATADGSAATIGCGRCKIIFSSFDHHCWCCPWDGKPVVIFCMRNVDSPCDVCQCLSKSANM
169;5.227;PFWQFRTLGQVDGMPPAGYTMPACTNVFRCECMKMEGRRRLHVHPRDEMYLELVSKYVIKEDPT
455;5.223;VVLFAWALWGFADICCGRCKHITLSMGHVSWCCCSDGNPVVIPCMMDEDWPPDVCWGMHCPAIM
417;5.217;PVMFAWKDYAATWIIPRRQKNITLSPYKVKWCCCNDGKPVFIFCMRPEDIPPNDCPSMSDMAKM
159;5.216;PITSFRTLGDVDGIPPEDVTMPLCVGVWNMWCYKFQGRRSLHVHPRTKLEIEFMSSYVGWYDTT
192;5.216;PSTQMITSGTGDHIPPAAYTMPACNNHFTHECWTFQGRRRLHVLPKDYDEKELWSCYQPAEDTK
344;5.215;FGLDVRFKGQRRRMNQWNLERYAPPCCQPVFVDAQDGPVFHYCCFKGPSPTEQHLFIDLICNPN
473;5.215;CVHFYMADGAADPIGGGRCKPITLLPHFVCVCYLWDGEPVVIYCMRENWWPEDYYYYMSDDAIM
152;5.209;PCTQFQTLGNVDIIPPDAFTMPRNNNCFRCCWVQFQGFRRLHVMPRDKDEVSQMSMLVDAEDLG
441;5.207;VVHFAWPDYCYLNIGPRRCKFITNYRMMVCVCCWWDGQNVFIFLMREEDWCPDVCQSMSFIHKM
169;5.203;PFYQFGTLGSVDGIPPAGYNMPACNNVFNCECMKFQGRRFLHVMPRDEDYPEFMWSYESGEQTT
166;5.195;YNTQRTTRGKVDGIPPKDRTWVLCNNSFGFGCPKFQGMYLWCVHPLDKQEIEFQSWDVDAEDEE
234;5.193;IWSRVMGHRDTVFYWLPEMRIAQQIFDGDNRFCPWEPEGQSMLVFLELCKPHQHICFNWMHMWY
5;5.192;CNHVSMCKGRIRLISKWNTVRLNQCGQEVEPLTEVGGKLVFWYLEVCCVCYEGLRNHIKYVAIQ
342;5.187;NGENYSYKGVEREMGDQGLERYAPCTCHPVKVVAQGKPQWVYCCFDARSPTEVFAFIGLICNPL
116;5.178;PSLTMGTLGDVDGIPPKSYTFIFLSNRFNCRCMKPQGIRRLYIHPKGKDEILFMQDYVDQGVTN
113;5.168;PSVQFMTLGHPVGIPKRKYTQPADSNVLNYCCMKFNGRHRLEVVPLDKPDIEFMKSGVDAEDTW
108;5.163;PITQIRCDGRVPGIPICANDEMAMMGVFCCECMPFQGRRRVHVHPRDIDEREFMSTSVDAQDTT
433;5.163;VVHFAWADYGHANYRCTRCEFITIWDMHKCWCCVWKGKPVYIFCIGEEKWPPDMCQSMDDPAIM
453;5.162;GVLFATAWYMEATIVCSRVKHPTLSQMHVCWCLCPDGKPVVIFCMTKEDWDPMVFQLMYDDLIM
1;5.16;PITQFGDLGIVPVINPAAYTMPACTNVFNCVCMIFQGRCRLHVHPRDKDEIEFMSSYVDFEDTE
448;5.157;VVTFAWADYGAAWIDCPRIKDITRSPQHVRWCCEWDGKPVVIFCMRNEYVPPDVCQSYSDWTIW
457;5.157;NVHFDNAKQEVARITGKRCKVYTLSRMHVCWCCCWDGKWQVVFCMNIEDWPPDVCQSHSDDWYM
448;5.154;VCHFAWLPYGDAWILCPPIKHISFSPMGRRWCCCWWGKPVVMFCLRNEDHPPDMCQQMRDDAIM
465;5.154;VFMFAWPDYATCYIDCKRCIHITLSFMHVCWCCCWDGKPVVSGCMRNETNPYHVCQSFLNDAIM
156;5.152;PITQPGDLGIVPMINPAAYTWPPCTNVFYCVCMIFQGRYRLHVHPRDSGEIEFMSSYVDCEDTE
156;5.148;HITQMGYLGIVPVINPAAYTMLACTNVVNYVCMINQGRCWMHVHPRDKDEIEFMSSYVDFEDTE
170;5.146;PITQCMMGGDVDIINPAAYTYPASVNVFICQCMDFQGYRKLHVHPRKKDEEEFMSVESDAEDPT
197;5.138;PQIQRGNLGGVDSIPPAEYTMPACNNVFFHWTMKFQGRRLLHVKPRSKYTIEFMNSYVWADDTT
198;5.138;PITDFYRLGSVIGIPPAAYVMFAVNNVWPCEKMKMQGRRRLHVHPRDMDETEFMSSYVDTEDPT
156;5.136;PITQFGDLGMVTVYNPEAYIMPACTNIQNCWCMIFQGRCFLHVHPRTKLFMEFMSWYVDFEDTE
455;5.132;VQHFVLALYGLQDICFFRCKHITLSMMHVVWYCCFDGNPVEIFCMRDEDWPPDLCEMMHDDAFM
5;5.127;CNEGIMCFGRIKLISEWNTVRLKGYGQQREPVTDVCGKWVLWDMQVDCVCWEFRRNCIKYVAIQ
168;5.125;PETQFTTCGDVPWRGPDEYTMPACNNHFNCYCMKTQGSRRLQPTPNDKDEIEFFSSYVQAVFPT
433;5.125;VVHFAWADYGPEVYRCENCKKIWYLPMHHCWCCCWKGIPVYIFCMGEEKWPPDVCQSYSDDCIM
158;5.124;PICQFGTLGDVVYIPPAAYTEPACNNNSPMECNKFKGRFRLHFHPRDKDEIEFRPSYCDAEDTT
